id,created_at,text
599398338341961728,2015-05-16 02:17:54,b'jaga kesehatan buat anak kosan :(( http://t.co/dgEIKpSQaH'
599193658722627584,2015-05-15 12:44:35,b'@infowatir kang lamun dek meli buku na dimana :(( abdi hoyong atuh lahh'
598830033885474816,2015-05-14 12:39:40,b'@FadhlanGehu  https://t.co/JzHCVuSKdC'
598642628838567936,2015-05-14 00:14:59,"b'Demi maneh gunung pun akan ku ojayan,lautan akan ku daki.. :(('"
597402943134965760,2015-05-10 14:08:55,"b'@infosebel dang , muka toko atau naon lamun dek mesen eta baju :(( alus euy'"
597401989933182978,2015-05-10 14:05:08,"b'Rek kamana ""DIN""??? Rek kadieu ""MEN"". Naon da uing mah lain Udin, bae ah da uing ge lain Emen...'"
595160897011650560,2015-05-04 09:39:50,b'Hayoh wee twitteran meunang hnteu awewe teh mun di itung2 pulsa geus aya samotoreun hargana tpi can aya keneh nu daekn ka kuring #nasiibb'
595159536484294656,2015-05-04 09:34:25,"b'Ibak heula,\nSupados teu goreng patut teuink'"
595157460039544833,2015-05-04 09:26:10,"b'kalo lgi kecil mah pas lebaran teh suka di kasih bnyk uang nya ,, na ari ayeuna pas geus gede nipis :(('"
594865073803276289,2015-05-03 14:04:20,"b'@LOOP_ID tolong follback min , saya mau kirim pesan penting :(('"
593940920766042112,2015-05-01 00:52:05,b'hnteu oge ah :(( https://t.co/MGKwbmB21O'
593939916557406208,2015-05-01 00:48:05,"b'Jadi jelema mah ulah sirikan arisia guys,,\njadi mun maneh nempo batur di tampiling ku satpam pabrik, maneh ulah sirik okeh, :('"
593782046360637441,2015-04-30 14:20:46,"b'ari batur mah kalo mau makan teh tinggal makan, ari aku mah mau makan jga kudu kakaratak heula ka tong sampah :(('"
593342417039822848,2015-04-29 09:13:50,"b'Geleh mun urg nanya""kmu dari mana"" di jawabna ""dari tadi"":""pusing pala barbie:""v'"
593340111451893760,2015-04-29 09:04:40,"b'RT @infosebel: meuni lieur ka jelema ku hujan ngeluh ku panas ngeluh, jadi dispenser weh sia jug meh bisa nyiptakeun cuaca sorangan. :('"
593337179436257281,2015-04-29 08:53:01,"b'. maaaaaaaaaaaak ,abdi hyaang geura kawiiiiiiin :(('"
593337033377984512,2015-04-29 08:52:27,"b'""nya benget urangmah benget siksaen bukan benget pi rinduen.'"
592984527825342464,2015-04-28 09:31:43,b'Hayang balik deui siga baheula..da baheula mh uink th kasep tp ayn mh rada kucel saeutik     :(('
592648351633395713,2015-04-27 11:15:52,b':(( http://t.co/qOtShjBGSf'
592637943623233536,2015-04-27 10:34:31,b'hyang kremes linggis :(('
592637876711489536,2015-04-27 10:34:15,b'Kmana aku harus nyari cinta yng tlah pergi. Piraku ka jonggol mah kt :(('
592622945672925184,2015-04-27 09:34:55,"b'RT @infowatir: Andai kamu reungit kebon, aku tak rela menepakmu hingga paeh, karena aku nyaah pisan ke kamu.'"
592621007199842306,2015-04-27 09:27:13,"b'RT @infosebel: ARISIAAAAA :(((((( RT @firemanoize: @infosebel hahaha, :D http://t.co/chz2PyIeUb'"
591894660563402753,2015-04-25 09:20:58,"b'Pengen cepet cepet bulan puasa, pengen ngagodin bareng sama barudak ah miss :((((('"
591893556207300608,2015-04-25 09:16:35,b'SUKIMAN? SUKIJAH? SUKIJEM? iklan na hadee :(('
591815091831476225,2015-04-25 04:04:47,b'Hirup aing mah perih kaos kaki logor ge make karet meh t morosot :(('
591430075624644608,2015-04-24 02:34:52,"b'Ya alloh bere abdi ka gantengan mobil 10, motor 15, duit wae sameliar\nmugi mugi wae di ijabah #JumatBerkah'"
591427818422173697,2015-04-24 02:25:54,"b'Mang meser bubur ayam 1. I oh enya,lada hnteu jang? I Teuing atuh mang ngadahar oge acan aing mah !!! I oh iyayah :((('"
590779449861398528,2015-04-22 07:29:31,"b'@DulurBDG  #GagalBahagia itu waktu jajan di kantin , dahareun na di pentaan ku barudak :(('"
590771284667211776,2015-04-22 06:57:04,b'nungguin BBM ti kamu meuni ga kunjung datang :(( aing deuk nagih hutang'
590417413977419776,2015-04-21 07:30:55,"b'RT @infosebel: R.A Kartini adalah sosok wanita yang sangat hebat, tapi kenapa wanita sekarang meuni dangdanan siga barongsay ping-ping kama\xe2\x80\xa6'"
590417245941043200,2015-04-21 07:30:15,"b'RT @infosebel: kartini adalah sosok wanita yang sangat kuat dan tegar, tapi kenapa cewe sekarang dititah ngangkut lomari bandung-jakarta me\xe2\x80\xa6'"
590414298398130176,2015-04-21 07:18:32,b'@OfficialRCTI The Legend of the Condor Heroes ko ga pernah tayang lagi min :(('
590041664078524416,2015-04-20 06:37:49,b'@OfficialRCTI dari jummat kemarin sampai sekarang nungguin the romance :(( malah ga tayang sedihh anyinggg'
590039201501958144,2015-04-20 06:28:02,b'pas guru nerangkeun batur diajar urang ka kantin jeng si gehu purapura ka cai :(('
590037414590066688,2015-04-20 06:20:56,b'sakapeung sok hayang  curhat jeung asbak :('
590036230869385218,2015-04-20 06:16:14,"b'lamun gawe saeutik2 cape,,geus tong gawe mending ternak buyur weh di imah geus jadi bangkong korodok jual di pasar ciroyom :(('"
589809000864055296,2015-04-19 15:13:18,"b'Diuk dina teras bari memandangi bulan, berharap aya cendol ragrag ti langit :(( amin'"
589807469955690497,2015-04-19 15:07:13,b'neangan tukang cendol wayah kieu dmna nya gaeess :(( aing keur ngidam'
589807326741143552,2015-04-19 15:06:39,b'Malam malam gini mah ngeunah nya teh ngudud di temani segelas cai balong :(('
589723626791784448,2015-04-19 09:34:03,b'@hello_elvitta2 aku mau di promote juga dong :(('
589710510364327937,2015-04-19 08:41:56,"b'Aku tau kamu jelek , aku tau kamu ga sempur na , aku tau kamu ga bisa apa2.. maka dari itu aku ninggalin kamu :(( njirr edan kieu aingg'"
589709632009936896,2015-04-19 08:38:27,b'Poe minggu mah di imah we nonton naruto :(('
589608481197404161,2015-04-19 01:56:30,b'RT @infocapruk: Karena menurut kami razia buuk itu lebih menyeramkan daripada video ISIS harlem shake sekalipun. Lebar buuk aing emo pa :( \xe2\x80\xa6'
589065252186284032,2015-04-17 13:57:55,b'aya nu nga jual gitar teu ?? serius iieu mah:(('
588962398511370240,2015-04-17 07:09:12,"b'@InfoRatingTV ko ga tayang2 , kenapaaaaaaaaaaaaaaa'"
588960625671282688,2015-04-17 07:02:10,b'@OfficialRCTI The Romance nya kapal min :('
588959789171912704,2015-04-17 06:58:50,b'@OfficialRCTI manaa nih :((('
588959644090937344,2015-04-17 06:58:16,"b'@OfficialRCTI manaaa , ko blum mulai ??? malah X factor yang main :(('"
588955753282723840,2015-04-17 06:42:48,"b'teu ngarti aing mah sama jelema nu bobogohan mang taun-taun, itu teh bobogohan atau program KB blog? :('"
588954803130277888,2015-04-17 06:39:01,"b'RT @caprukBDG: Ketika kalian bisa buat gelembung dina ciduh, sementara temen kalian gabisa itu kaya.. \xf0\x9f\x91\x87 :( #cb http://t.co/EI70DXmR5Y'"
588951298357104640,2015-04-17 06:25:06,"b'Udah syukur siateh di bere hate ku aing , malah menta paru paru :(('"
588675465222574080,2015-04-16 12:09:02,"b'Hati kamu tuh keras yah.. kaya bala-bala, tapi adonan na make semen!! :(('"
588304504837120001,2015-04-15 11:34:58,b'bila galau melanda sia cobalah lompat dari atas jembatan pasopati smoga trobati :(('
588214119121158145,2015-04-15 05:35:49,b'jauhi narkoba dekati kabogoh batur :(('
588148670757019648,2015-04-15 01:15:45,b'Wilujeng #ReboNyunda dulur2 sadayana..'
588147289467854849,2015-04-15 01:10:15,b'nyulik kabogoh batur :(( RT @banyolanhidup: apa target jangka pendek kamu? #PERSIBday'
588146630504931329,2015-04-15 01:07:38,"b'Iya deh kabogoh kamu mah beunghar. Saking beungharnya, Ombeh aja pake duit Kacida sigoblog mah :('"
588145915946467328,2015-04-15 01:04:48,"b'RT @Tisereleu: teu ngarti aing mah sama jelema nu bobogohan mang taun-taun, itu teh bobogohan atau program KB blog? :('"
587942406785335297,2015-04-14 11:36:07,"b'Penyesalan itu selalu datang di akhir , lamun di hareup nama nya Pendaftaran'"
587758707355713536,2015-04-13 23:26:10,"b'Modol bareng @AsliGoblok #JawabGoblok sayang, tahun depan kita ________ bareng ya.'"
587757238049095680,2015-04-13 23:20:20,b'Cinta bertepuk sebelah tangan mah udah biasa guys. Yang ga biasa mah karek kaluar imah jol dituduh ngabangsat kotak amal :(((((~'
587625001328582657,2015-04-13 14:34:52,b'RT @Awasdadas: Kalian kalo jadi orang plis lah jangan suka riweuh gitu. Mau gitu entar maot nya dihijikeun sama yang lagi hajatan? :(((('
587623010258919424,2015-04-13 14:26:57,"b'Sia mah dak kalakuan teh teu uyahan pisan, moal enya budak leutik abong2 gundul ditekean tiap panggih.'"
587621161074200576,2015-04-13 14:19:36,"b'emang bisa apah kalo selfie sekali lgnsung jadi artis :(( , eta geuningan di iklan IM3 bisa ceunah #BahasaDaerahmu'"
587407234356752384,2015-04-13 00:09:32,"b'#UN2015  jangan lupa baca bismillah ya gaes , trus jangan lupa siapin HP nya supaya bisa kontekan sama temen2 :('"
587402972281225217,2015-04-12 23:52:36,b'Harus terima kenyataan kalo ayeuna poe senen :('
587402156447113216,2015-04-12 23:49:22,b'Di bere tiris kieu tuyul ge make jaket ciganamah'
587237436553474048,2015-04-12 12:54:49,b'@banyolanhidup aing iraha bisa kitu nyol :(('
587222259598630912,2015-04-12 11:54:31,b'RT @dodisanjaya: Iyah.. https://t.co/HNWZJQG945'
587222086118084609,2015-04-12 11:53:50,b'RT @resonansitvri: SAKSIKAN RESONANSI SETIAP HARI SABTU PUKUL 18.00 - 18 55 WIB DI TVRI JAWA BARAT\nFOLLOW TWITTER : @resonansitvri'
587181201896513538,2015-04-12 09:11:22,b'@dodisanjaya kang ari preman pensiun 2 maen ayeuna jam 17.00 ??'
587179486271049731,2015-04-12 09:04:33,"b'sok geura arapdet status hujan , kaburu raat engke ripuh :('"
587179300329132032,2015-04-12 09:03:49,b'RT @Persibjawara1: Persib membawa motivasi dan stamina yang tinggi ka Laos! Ceuk Coach djanur ! #PersibGoesToAsia'
587179236558946304,2015-04-12 09:03:33,b'@KomediSunda paningan teh ngolomohan coklat hayam jago nu gopean :('
587178890407186432,2015-04-12 09:02:11,"b'@olegunnnn pastikeun ngerjakeun ujian na kudu make pensil lain make otak , da otak mah teu bisa di pake nulis :(('"
587178050451742720,2015-04-12 08:58:51,"b'RT @mirip_baim: Biasakn mun bade ngumpulkn soal sareng lembar jawaban kdu dipisah,kade dipisahna ulah jauh2 nanti kangen :(( #tipsUN @olegu\xe2\x80\xa6'"
587177978443894785,2015-04-12 08:58:33,"b'RT @NizarAprian: @olegunnnn isian ngaran sorangan anu asli, lain ngaran pesbuk ataw twitter, komo ngran samaran tina ujang jd sebastian mah\xe2\x80\xa6'"
587177904078884865,2015-04-12 08:58:16,"b""RT @aditsupper: Omat dibuleudan tong di coblos! Da lain pilkades :'D @olegunnnn #tipsUN"""
587176903208931328,2015-04-12 08:54:17,b'RT @bacotaingnya: Kasih tau mang @olegunnnn -&gt; RT @AingGorengPatut: @bacotaingnya EBTANAS teh naon :(('
587176883072081920,2015-04-12 08:54:12,b'RT @olegunnnn: UN aisia cot RT @bacotaingnya: Kasih tau mang olegunnnn -&gt; RT @AingGorengPatut: @bacotaingnya EBTANAS teh naon :(('
587176523733471232,2015-04-12 08:52:47,b'iyeu budak mabok batu ali cigana :c http://t.co/OPDmgpgHpi'
587095927774584832,2015-04-12 03:32:31,b'@bacotaingnya EBTANAS teh naon :(('
586710660530089985,2015-04-11 02:01:36,b'RT @Musingkeunn: #welcomeTweet @oox_tokajitokay @HIRUPAINGMAAING @ceprinuryana @bungyana @AingGorengPatut @iridwan920 via http://t.co/KKkoU\xe2\x80\xa6'
586465698358038530,2015-04-10 09:48:13,"b'Neng!! sia teh jgn suka mainin hati Aa , da aa teh lain Tisuu anu bisa di pake trus di piceun ka solokan'"
586464524196188160,2015-04-10 09:43:33,b'@BelegugPisan korong na lmun geus sakilo bisa di jual teu ka tukang loak :(('
586464221480665088,2015-04-10 09:42:21,b'@horeamin urang mah batu nisan :('
586462827071668224,2015-04-10 09:36:48,"b'@sagalaedan @dijahyellow Kabogoh saha eta A, meuni hinyai bengeut na :('"
586460010005168128,2015-04-10 09:25:36,b'Lagi kangen seseorang:(( nu benget na Hinyai ciga ucing teu di bere dahar sataun :('
586458989778485248,2015-04-10 09:21:33,"b'Neng walaupun muka sama dada neng datar , aa mah tetep cinta da sama Neng :('"
586456971731079169,2015-04-10 09:13:32,b'@LedisBageurr Pollbek teh :('
586108117219352577,2015-04-09 10:07:19,b'andai saja duit bisa di download :(( mungkin aing hnnteu seripuh ini'
585771349269815297,2015-04-08 11:49:07,b'@MentionSimi banyak'
585751446953398272,2015-04-08 10:30:02,"b'Sayang maaf yah kau ga bisa jaga hati kamu , soal nya aku lagi jaga warung loba nu balanja :(('"
584529673855434752,2015-04-05 01:35:08,b'Semoga kamu cepet putus sama kabogoh kamu yang mukanya caludih kaya karesek Gehu yang sararoek itu :(( #aprilmop'
584327839555551232,2015-04-04 12:13:07,"b'Kamu tuh kaya anting magnet, meskipun udah coplok tapi masih tapakan di hati aku :('"
584325024305131520,2015-04-04 12:01:56,"b'RT @persib: walaupun banyak kendala yg terjadi. ini pelajaran untuk kami, smoga kedepanya tdk terjadi lagi. hampura :('"
584324752644284416,2015-04-04 12:00:51,b'@Latiief_A diem di teras ngeliatin gerhana bulan :('
584324432967020544,2015-04-04 11:59:35,b'malam mingguan mah cicing we ah di teras bari nempo keun Gerhana Bulan sugann weh aya manusia serigala ngaHiung :v'
584318374521376768,2015-04-04 11:35:31,b'RT @FP_VIKINGPERSIB: Peristiwa lampu padam ini jelas bukan karena adanya program Earth Hour. Seharusnya pengelola stadion Si Jalak Harupat \xe2\x80\xa6'
584318119830691840,2015-04-04 11:34:30,b'#QNBLeague2015 pareum lampu anjiss :(( rugii'
583988716953346050,2015-04-03 13:45:34,"b'Dulu tuh paling ngebetein banget kalo maen ucing sumput, terus nu jadi ucingna teh ngokok wae ngajedog we teu neangan :('"
583986165251907584,2015-04-03 13:35:26,b'RT @infocapruk: Sesungguhnya cinta itu lahir di hati. Karena yang lahir di gunung huakuo mah sun go kong si kera sakti :('
583985799495942145,2015-04-03 13:33:59,b'#TigaKata aing acan ombeh'
583786189414539266,2015-04-03 00:20:48,"b'Moal mandi, lauk oge mandi wae hanyir :(( #RIPDAcademy2'"
583572539235926016,2015-04-02 10:11:50,b'geus lingali ibu2 mawa motor can? sok keheul teu? mawa na ciga siput lalaunan bari ngaragokan batur nu di tukang :(('
583571111457067008,2015-04-02 10:06:09,"b'Jadilah jomblo yg bahagia dengan melihat pasangan nu baheulana bobogohan di gang. Pas putus, silih kekeak jeung mantanna di gang oge :('"
583569390261534721,2015-04-02 09:59:19,"b'RT @RipuhTeuPuguh: Nu sok maen CoC, Yu join kadieu. War bareng @uyuhanbanget @kaduhungbanget @aingdadas @MarioTonggoh dan jomblo lainnya ht\xe2\x80\xa6'"
583569037658988545,2015-04-02 09:57:55,b'@rakaputraprtama Koplokk siah :v'
583206961467908098,2015-04-01 09:59:09,b'RT @Lenovo_ID: Yuk jadi bagian dari Filosofi Kopi Movie bersama Lenovo &amp; @Intel_Indonesia. Submit sekarang di http://t.co/f3qcDAoeKT http:/\xe2\x80\xa6'
583206622471684096,2015-04-01 09:57:48,b'aku tanpamu bagaikan ambulan tanpa uwiw-uwiw :v'
582846740384124928,2015-03-31 10:07:46,b'Goblogg :(( http://t.co/eorE3DZzli'
582843777838026752,2015-03-31 09:56:00,"b'Hai Very|@FadhlanGehu Goblok babeh aing,dasar yayat| Sianying apaleun ngaran babeh aing oge:( Belum sahabat sejati kalo belum pasirik2 kolot'"
582773734693425152,2015-03-31 05:17:40,b'Cendol leuwih sehat tibatan kabogoh (y) kecuali cendol na make borakss :(( #JombloItusehat'
582772360048078848,2015-03-31 05:12:12,b'aing jomblo lain ku sabab teu laku :(( ku sabab teu boga Ninja / Satria FU :(( anyingg #JombloItusehat'
582772086529097728,2015-03-31 05:11:07,b'Kieuu yeuh jomblo mah modol ge sorangan eweh nu maturan :(( #JombloItusehat'
582129721690861568,2015-03-29 10:38:35,b'Lieur nga bandungan si rendy anjing :(( dasar goblok'
581793797836828672,2015-03-28 12:23:45,"b'Malam minggu , mending di imah we sieun di sumput keun ku jurig :(('"
581793361159409667,2015-03-28 12:22:01,"b'.Selamat malam minggu untuk wilayah dada , paha dan sekitar nya'"
581390306949472256,2015-03-27 09:40:25,"b'Pura pura tegar padahal hate mah, ngajeuriit, anyingg :(('"
581390148601921537,2015-03-27 09:39:47,"b'HIRUP MAH TONG ASA PANGAINGNA , SAMEMEH NGAHINA HIRUP BATUR, NGACA HEULA DIRI SORANGAN GEUS BENER CAN!!!!#Sore'"
581370414351314945,2015-03-27 08:21:22,"b'diam itu emas, emas itu kuning, kuning itu?'"
580924392982458368,2015-03-26 02:49:02,"b'siama koplok geus nyieun nyeuri hate aing | iyeu saha? | ah,moal beja2 | ituh geura..ARI AING SALAH NAON? | SALAH SAMBUNG .... anjiing :(('"
580902590264713216,2015-03-26 01:22:24,b'@decan0794 polbek iiah :(('
580901827790548992,2015-03-26 01:19:23,b'@FadhlanGehu naha di sakola bieu loba jelema :(( teu lbur ktu ? buru jawab :v bisi pajarkeun mabal ku indung aing njirr :(('
580901506783662081,2015-03-26 01:18:06,"b'Pas ningali bayi, abdi inget""TEDDY BEAR DOLL"".\nPas ningali budak alit, abdi inget""BARBIE DOLL"".\nPas abdi ningali kamu, ehh inget na""PANADOL""'"
580899837521977345,2015-03-26 01:11:28,"b'Gusti teubihkeun simkuring tina kagorengan jiga ""GEHU ,BALA-BALA , CIRENG ..jeung sajabar na ... amiinn :(('"
580705638960988160,2015-03-25 12:19:47,"b'lamun di tingali2 keun kamu teh lain sasaha aing , kabogoh lain , nga saukur bbturan  tapi naha maneh sok ngatur2 hrup urang :(('"
580664188672061440,2015-03-25 09:35:05,"b'Ngumbahan motor heula , aing deuk nga jemput awewe anjiss :v :(('"
580634292117729281,2015-03-25 07:36:17,"b'geus nyobaan udud bari modol can ?? ngeunah siah, sok we cobaan :(('"
580630562857201664,2015-03-25 07:21:28,b'indah nya basa sunda :(( http://t.co/Orm0NecPMI'
580630083175653376,2015-03-25 07:19:34,b'anu acan update status  HUJAN badag sok geura update bisi kaburu raat :(('
580629048822489088,2015-03-25 07:15:27,b'naha nya nu boga kabogoh mah curhat na teh meuni loba tibatan nu teu boga kbgh :(('
580628372746825729,2015-03-25 07:12:46,"b'aing jomblo,trus masalahna dimana?! #JombloBodoAmat'"
580627417393467392,2015-03-25 07:08:58,b'RT @FadhlanGehu: @AingGorengPatut pantesan sia bau awak HaHa'
580537301207511042,2015-03-25 01:10:53,b'jang naon mandi ?? ka seungit seungit ari teu boga kabogoh mah :(('
580536914215903233,2015-03-25 01:09:20,b'@noorayuf polbek ihh :('
580536793709318146,2015-03-25 01:08:52,b'@kakang_jaka104 polbek nya ??'
580536684229558273,2015-03-25 01:08:26,b'@Edrea11 polbek ihh dea :('
580536584853938176,2015-03-25 01:08:02,b'@bayandipa polbek bebh :('
580536431703126016,2015-03-25 01:07:25,"b'@rakaputraprtama heh goreng , polbek ih :('"
580536133345517568,2015-03-25 01:06:14,b'@lellynurillah polbek ihh'
580535959755857921,2015-03-25 01:05:33,b'@saptoyogi polbek atuh :('
580535703701950464,2015-03-25 01:04:32,b'@dwinurohmah polbek gaes :('
580535437359489024,2015-03-25 01:03:28,b'SARE :('
580533267138502656,2015-03-25 00:54:51,b'Eweuh nu kangen ieu teh? :( | eweh | *huft :(('
580532943443066882,2015-03-25 00:53:34,"b'Sayang kita putus, |Ok ari kahayangna kitu mah, sia aing pegat | april mop yang | eweuh april mop jang aing mah| atulah :('"
580532508971917313,2015-03-25 00:51:50,b'Selamat pagi gais. Cik absen heula :('
580529854006870016,2015-03-25 00:41:17,"b'teu ngeunah nya klodijadiin jemuran ku maneh! tiap poe ngan menggantung sakalinya henteu digantungin, langsung dijadiin layang2  :(( ihhh'"
580314973177425920,2015-03-24 10:27:25,b'neng:*naha jarang nga sms ayeuna mah? | nuju sibuk a | sibuk naon neng? | sibuk neangan kabogoh anyar | anyingg :(('
580299005818617857,2015-03-24 09:23:59,"b'alhamdulillah gusti tos maparinan nikmat lahir sareung batin, mugi dinteun ieu barokah tur lancar sagalana .. amin'"
580215007046029312,2015-03-24 03:50:12,"b'Abdi mah jalmi sabar , hoyong ngaroko jeung ngopi oge kudu nga dagoan tahlilan :(('"
580211236224131072,2015-03-24 03:35:13,"b'kamu mah tega ngelupain aku,da aku teh bukan KORONG yang setelah kamu gali lalu dipurintil-purintil kemudian kamu susutin ke punggung batur:'"
580020335908524032,2015-03-23 14:56:38,b'AKU TANPAMU BAGAIKAN SANGU KONENG ANU LEUNGIT KARETNA :(( AMURADUL'
580017919364456448,2015-03-23 14:47:02,"b'Bro tadi aing geus nyolek awewe | anyengg, bejaan bro dmna nyolek na ?? | di facebook bro | setann siah :(('"
580015436118384640,2015-03-23 14:37:10,b'Untung HATE urang buatan ALLAH mun buatan CHINA cigana geus rajet :(('
579923877712646144,2015-03-23 08:33:21,"b'Gayaa batur mah marake LINE anjirr :(( ,, ai urang HP esia bisa naon :((  disitu kadang saya merasa sedih'"
579923271920963585,2015-03-23 08:30:57,b'RT @ComicSunda: 5 fakta tukang cuankie | @un_pejuang45\xc3\x97http://t.co/HlyPAMvd7T'
579921490595823616,2015-03-23 08:23:52,b'RT @Edrea11: libur bikin bosen\xf0\x9f\x92\xa9 \xf0\x9f\x93\xba Watching Empire Season 1 \xe2\x80\x94 https://t.co/h9NQaYQrjM'
579901874192543744,2015-03-23 07:05:55,b'@infosebel urang teu boga line sateh :(( hp esia bisa naonn'
579901655476346880,2015-03-23 07:05:03,b'RT @infosebel: anu rek ngiluan PO langsung add LINE urang heueuh yeuh aydi na ~&gt; dadangkoneloasli http://t.co/utjp10zRpL'
579901114083979264,2015-03-23 07:02:54,b'@KomediSunda ka tukang cilok nu sok aya di SD heula atuh lapar mah :(('
579900379501969409,2015-03-23 06:59:59,"b'RT @banyolansunda: Profil Vina Ferina Pemeran Ceu Esih (Istri Kang Mus) di Sinetron ""Preman Pensiun http://t.co/WAEEMBTEKC @dodisanjaya htt\xe2\x80\xa6'"
579898385114664960,2015-03-23 06:52:03,b'@ComicSunda lamun di pake oge engke bakalan rorombeheun suku na dol :(('
579898056381870080,2015-03-23 06:50:45,"b'RT @ComicSunda: Kamu itu ibarat sendal, melindungi dan bikin nyaman | Jika sendal itu basah, kamu masih nyaman untuk memakainya? | TEU :(( \xe2\x80\xa6'"
579895983045111808,2015-03-23 06:42:30,b'@AsepBetrik polbek gaess :(('
579894326454419456,2015-03-23 06:35:55,"b'Aing bieu ulinn ka Mall siahh.. trus aing labuh dina tangga, nyeurina mah henteuu .. ngan era na etaa :(('"
579893738027114497,2015-03-23 06:33:35,"b'pengen ulin ka imah kabogoh tapi kajebak hujan, bagaikan rek nyunut udud eweuh korek. kakalapakan aisia :('"
579866786167848961,2015-03-23 04:46:29,"b""*kfc* halo kfc | iya? | pesen ayam dua | dikirim kmna? | ke rumah. Sklian mba nya kesini. Kita botram :'D | mas? | iya? | KUMASIA! | okey :("""
579865118596448256,2015-03-23 04:39:52,b'Kukulutus adalah suatu kondisi dimana seseorang sungut nyah muncugug tuluy ngacoblak teu ereun2 gara2 boga impian teu kacapai :(('
579849646438125568,2015-03-23 03:38:23,b':( http://t.co/f3Yd3t12AS'
579847856040755201,2015-03-23 03:31:16,b'Nyeri beuteung kieu ih tapi lapar ongkoh. Atau tuang bari modol kitu nya? Biar efisien waktuna :(('
579845498233720834,2015-03-23 03:21:54,b'Lamun ningali dompet sok hayang ceurik :(( lila keneh ka tanggal hiji na oge :('
579829463585722368,2015-03-23 02:18:11,"b""Semangat iiah buat yang lagi UAS :')"""
579564621339602944,2015-03-22 08:45:48,b'@FadhlanGehu @socialtiga_15  masuk sekolah iraha ??? :(( senen ayeuna iiah ??'
579560454596345856,2015-03-22 08:29:14,"b'@ComicMerch mang , kaos na di daerah cimahi aya teu :(( ?'"
579559873555210240,2015-03-22 08:26:56,b'@ComicSunda ayeuna persib maen ktu dol :(('
579165336953466880,2015-03-21 06:19:11,b'@netmediatama acara nya di ramein sama siapa aja iiah ??'
579164386515800065,2015-03-21 06:15:24,b'RT @infosebel: Fakta #Aquarius : #Aquarius jagalah makanan yang tidak kondusif. Karena nanti akan terkena penyakit kokonengeun dinu bitis.'
579164314658992129,2015-03-21 06:15:07,b'@infosebel pangakit kokonengeun teh tai lain dang :('
579127116584722433,2015-03-21 03:47:18,b'Dianggap temen sama orang yg kita sayang teh rasanya kaya ditodong begal tp euweuh nu nulungan :('
579125701401452544,2015-03-21 03:41:41,b'RT @rocket_rockers: selamat hari raya Nyepi buat temen-temen yang merayakannya :)'
578783460988317696,2015-03-20 05:01:45,b'@ComicSunda nyuung keun pin na Mang ??'
578782469152862208,2015-03-20 04:57:48,b'HAYANG DI LUHUR TAPI KALAKUAN NINCEUK WAE ANU DI HANDAP.. MOAL DI IJABAH KU ALLOH NA OGE.. *omean'
578779310154067969,2015-03-20 04:45:15,b'RT @aprilian_da: Hhhhhhaaaaaaaaaa..... http://t.co/bjkfVmejno'
578520985961263104,2015-03-19 11:38:46,"b'Tukang gehu titis :v wkwkwk RT@FadhlanGehu ""naon aya ngaran urang? Urang teu apal nanaon !!'"
578520767467401216,2015-03-19 11:37:54,"b'RT @FadhlanGehu: ""@dicky_014: udud potong disimpen dinu saku salah saha? Tukang parkir? Tukang gehu tiis? :((""naon aya ngaran urang? Urang \xe2\x80\xa6'"
578496411156660224,2015-03-19 10:01:07,b'udud potong disimpen dinu saku salah saha? Tukang parkir? Tukang gehu tiis? :(('
578491850056564737,2015-03-19 09:42:59,b'@widantyalfiaani folback nya :('
578491198643441665,2015-03-19 09:40:24,"b'@MAFIAclothes bro, kaos na di kirim atawa buka toko gan :( ?'"
578490589966045186,2015-03-19 09:37:59,"b'@MAFIAclothes baju na , di kirim atawa buka toko bro ???'"
578490042206674944,2015-03-19 09:35:48,b'@BelegugPisan @MAFIAclothes kaos na mun jang lalaki aluss teu nya ?'
578489147754582016,2015-03-19 09:32:15,b'Di imah weh urng mah...'
578486801481883648,2015-03-19 09:22:55,b'@ComicSunda nyaan etatehh :( ?'
577447607229796352,2015-03-16 12:33:32,b'@infowatir ari pharel wiliam teh saha kang :('
577048048573919232,2015-03-15 10:05:50,"b""RT @hitmansystem: Praktekkin jangan lupa yeahhh RT @dicky_014: baca artikel hitman di web , jadi nambah percaya diri :') makasih min"""
576994076731396096,2015-03-15 06:31:22,"b""@hitmansystem baca artikel hitman di web , jadi nambah percaya diri :') makasih min"""
576893139153084416,2015-03-14 23:50:17,b'#HajiLulungEffect teh sahaa ?? :(( asa loba nu ngomongkeunn'
576892775255273473,2015-03-14 23:48:50,b'Plis anyingggg meni rudet sia goblog alungken ka susukan gera ku aing;(((('
576701313699835904,2015-03-14 11:08:02,b'@angelcomee follback dong kak :)'
576700468253962240,2015-03-14 11:04:40,b'siap2 ah kedap deui OTW Pussen arhanud Cimahi FREE ! #ggmildTour2015'
576699729943232512,2015-03-14 11:01:44,b'RT @BugssbunnyMusic: Malam ini @donlegoband @ROSEMARYsk8punk @saintlocoband jam 7 malam di Pussen arhanud Cimahi FREE ! #ggmildTour2015 htt\xe2\x80\xa6'
576699248000958464,2015-03-14 10:59:49,b'@FadhlanGehu sip'
576699205399408641,2015-03-14 10:59:39,b'RT @FadhlanGehu: @dicky_014 stalker sia mah'
576698558100873216,2015-03-14 10:57:05,"b'kabanggaan RT @infosebel Selamat Hari Jadi ke-82, PERSIB BANDUNG! sing ____________ sa alam dunya. #Milangkala82thPERSIB'"
576697471956439040,2015-03-14 10:52:46,b'@FadhlanGehu @infosebel bengeut aingg etaamahhh :( goreng geuningan :((('
576697275239374848,2015-03-14 10:51:59,b'RT @FadhlanGehu: Dadang Conelo ka 2 mang @infosebel haha http://t.co/XiDnXTquo6'
576631574046748672,2015-03-14 06:30:55,"b""Happy Aniversary #82ThPersibBandung :') (14 Maret 1933 - 14 Maret 2015)"""
576384716007305216,2015-03-13 14:09:59,b'Ngetwit mah apa weh da moal matak reuneuh atuh :('
576284091777036288,2015-03-13 07:30:08,b'Baragajull satehh :P'
576283684707274752,2015-03-13 07:28:31,"b'@infosebel dang , abi bade curhat :( . naha bengeut sayah goreng tapi loba nu bogoh ka abi nyaa ?? :((('"
576000550388420609,2015-03-12 12:43:27,b'kahujanan + asup anginnn anyingg teh'
575579133033517056,2015-03-11 08:48:53,b'RT @infosebel: kenapa mantan itu di bakar? tak selamanya mantan itu indah~ nyatanya~ pianyingeun~ aduh anying~ aing ngeuneus~ :(( #nyanyi'
574377373862252544,2015-03-08 01:13:32,b'@risma_maymay udah'
574147008581128192,2015-03-07 09:58:08,"b'yang on retweet , nntar di follback :)'"
573808872822976513,2015-03-06 11:34:30,b'Dirumah sendirian :( kesini atuhh'
573808293262462976,2015-03-06 11:32:12,b'Perut Ibu @AsliGoblok Katty Perry adalah penyanyi yang berasal dari ________'
573771361119703040,2015-03-06 09:05:27,b'kekesed welcome siahh'
573771158195077120,2015-03-06 09:04:38,b'RT @infosebel: Udah lama yah ga ngetweet horor guys~ mau cerita horor dari dadang engga? Jawab atuh sateh tuyul kroasia.'
573743195378446336,2015-03-06 07:13:32,b'RT @FadhlanGehu: @dicky_014 naon? Siah naon? Naon?'
573743047135002624,2015-03-06 07:12:56,b'Tinggal tunggu giliran main nya (y)'
573409604895289344,2015-03-05 09:07:57,b'Kotakkk siah Kotaaakkkkk kotakkkk'
573391222644948992,2015-03-05 07:54:55,b'Pasti bisa karna kita bisa :3'
573127190990077952,2015-03-04 14:25:45,b'@MentionSiimi udah simi :)'
572734762940411904,2015-03-03 12:26:23,"b""akhirnya punya juga batu pancawarna :')"""
572699974628061184,2015-03-03 10:08:08,b'@FadhlanGehu  meh naon hu ngasup2 keun tweet urang ka BM -_-'
572655389998624768,2015-03-03 07:10:59,b'membasmi kebenaran RT @AsliGoblok: #JawabGoblok Tugas Super Hero yang utama adalah membasmi ________'
572654767656185857,2015-03-03 07:08:30,"b""Lestari ({}) :'D http://t.co/Ga5933dpFO"""
572654557295071232,2015-03-03 07:07:40,"b""\xf0\x9f\x98\x89 Ya Allah, lebih dekat kan lagi aku dengan nya :')"""
572653751825141760,2015-03-03 07:04:28,"b'Support dari kamu, buat aku jadi makin semangat :)'"
572653403504951296,2015-03-03 07:03:05,"b""Ga perlu yang sempurna :')"""
572404229396037632,2015-03-02 14:32:57,b'Sarapp siahh :p'
572364053730865152,2015-03-02 11:53:19,b'@netmediatama @TMG_NET cincin batu akik :D'
572349933941997568,2015-03-02 10:57:12,"b'mahal ""@mentionsimi #JombloRapopo kepercayaan itu ..'"
572347745576472576,2015-03-02 10:48:30,"b'diem di rumah :( , ngapalin buat UTS RT @timmykepo : #JombloRapopo Hari Ini\nNgapain Ajah ?'"
572347052438388736,2015-03-02 10:45:45,"b'kalo nge BM udah panjang2 terus cuma di read doank :( ""@MentionSimi: #JombloRapopo kesel itu disaat...""'"
572346010241900547,2015-03-02 10:41:37,b'Cintamu kepada sesuatu yg berlebihan akan menjadikan kamu buta dan tuli'
572345330995355648,2015-03-02 10:38:55,b'@Edrea11 aongg atuh'
572344837128630272,2015-03-02 10:36:57,b'@hanayulias bu'
572305188314169344,2015-03-02 07:59:24,b'Info Bola: Chelsea Juara Capital One Cup http://t.co/ca5yihBe4L'
572302258899062785,2015-03-02 07:47:46,b'RT @bonekpersebaya: gedung @KEMENPORA_RI now !! http://t.co/GE9PIZzcgU'
572300934304280576,2015-03-02 07:42:30,b'Happy BirthDay lestari :* :*'
572281052921638912,2015-03-02 06:23:30,b'.'
572279258837471232,2015-03-02 06:16:22,"b""@hanayulias Bu , terima follow nya :') , jangan lupa follback :'D"""
572235264766046208,2015-03-02 03:21:33,"b""Kangen ka vira :')"""
571895748742131713,2015-03-01 04:52:26,b'kangen sama orang yang lahir nya di bulan juli :('
571825789244604417,2015-03-01 00:14:26,"b'cari mp3 1 album ? download aja di sini -&gt; http://t.co/c7XrXkBUlZ , gratis ko ga usah bayar bayar , ga pake ribet . langsung download !'"
571825047083433985,2015-03-01 00:11:29,b'yakinnn eta teh ?'
571824775535841280,2015-03-01 00:10:25,b'RT @socialtiga_15: Malem mingguan keles @dicky_014'
571625816586469377,2015-02-28 10:59:49,b'Rivers of Babylon'
571625226049478656,2015-02-28 10:57:28,b'jalani saja'
571624803079090176,2015-02-28 10:55:47,"b""HATI emang gak bisa di bohongi :'("""
571624146200731649,2015-02-28 10:53:11,b'Hanya tersenyum yang mungkin kini bisa aku lakukan'
571618554652409856,2015-02-28 10:30:58,"b""Ada aku disini :')"""
571542391460528129,2015-02-28 05:28:19,b'Salah paham terus atuh daa :('
571225788600549376,2015-02-27 08:30:15,"b'indonesia city , travel in indonesia , indonesia backpackers , etc -&gt; http://t.co/lxyrU0lI2B . search what you are looking for now !'"
571224651684139008,2015-02-27 08:25:44,b'#PremanPensiun :v http://t.co/pPsZisRCXA'
571223730241691648,2015-02-27 08:22:04,"b'paling cuma di read doang , kalo gak di read jawaban nya singkat banget :('"
571223564164079616,2015-02-27 08:21:25,b'kalo nge BM dia tuh rasa nya nyesek :('
571214799377281025,2015-02-27 07:46:35,"b'@FadhlanGehu @FadhlanGehu @Revinaprmdr @ilmanachmad @socialtiga_15 telat naon , ongkoh gada bensin buat nunggu di kodim :('"
571214548062965760,2015-02-27 07:45:35,"b'@FadhlanGehu @Revinaprmdr @ilmanachmad @socialtiga_15 eweh usaha kumaha ihh :( , apanan teu apal jalan . bilangin suruh dagoin di kodim'"
571212630494285824,2015-02-27 07:37:58,"b""@FadhlanGehu @Revinaprmdr  @ilmanachmad @socialtiga_15  dimaranaaa:'( ongkoh deuk kerja kelompok. geus nyaho teu apal jalan kalah di tinggal"""
571212178990063616,2015-02-27 07:36:10,"b""Cuma di read doangggg dari tadi pagi :'( jutek njirr"""
571211740379099136,2015-02-27 07:34:26,b'@Edrea11 @socialtiga_15 bisa nyusul teu eta laporan teh ?'
571210887643529216,2015-02-27 07:31:02,"b'RT @socialtiga_15: DickyAlfiansyah/patkai haha, bulett bodas, seuri wae, gapernah baleg, tukang minta hotspot, anaknya burika sejarah:( @di\xe2\x80\xa6'"
570170392335159296,2015-02-24 10:36:29,"b'@dodisanjaya disuruh beli kue balok di garut , beli nya malah di antapani :D wkwk'"
570116352209330176,2015-02-24 07:01:45,b'@86netmedia  Disitu kadang saya merasa sedih. :D http://t.co/KWwX2GK0fA'
570041639118307329,2015-02-24 02:04:52,b'diem di rumah -_-'
570040974547640320,2015-02-24 02:02:13,"b'PPL cantik , tapi jutek :('"
570040678035558401,2015-02-24 02:01:03,"b'indonesia city , travel in indonesia , indonesia backpackers , etc -&gt; http://t.co/lxyrU0lI2B . search what you are looking for now !'"
569875291872436224,2015-02-23 15:03:52,b'RT @ucuppalentin: Sesuai perjanjian RT @iwansaputracig4: @ucuppalentin @revakeew hah hah nonton kang ubed nyopet dapet goceng jd pgn ketawa'
569875180677259265,2015-02-23 15:03:25,"b'sarekeun :( , moal baleggg'"
569668683498287104,2015-02-23 01:22:52,b'Kamuu cantikk'
569465724432830464,2015-02-22 11:56:23,"b'free download wallpapers free ! check this out -&gt; http://t.co/1MENhWBLmF , download now free .. share if you like this site .'"
569463749133758464,2015-02-22 11:48:32,b'@maryam_indah1  http://t.co/eGm8LVTFD9 kok ga bisa di buka link nya :/'
569448799015276544,2015-02-22 10:49:08,"b'RT @rocket_rockers: ayo ayo merapat band pertama udah mau mulai nih, mereka lagi prepare :D #CHEERS'"
569446665121239040,2015-02-22 10:40:39,b'@FadhlanGehu enggeus hu'
569445783348469760,2015-02-22 10:37:09,"b'@FadhlanGehu  enggeus huu , ti baheula'"
569445432251691008,2015-02-22 10:35:45,b'@FadhlanGehu moal ahh :D'
569445114637987840,2015-02-22 10:34:29,b'Libur 3 hari :D'
569444392387260416,2015-02-22 10:31:37,"b'RT @TommySoeharto62: Saya sarankan Joko widodo agar sedikit memiliki pendirian pribadi,jangan hanya mengambil keputusan berdasarkan kata ib\xe2\x80\xa6'"
569400430024728576,2015-02-22 07:36:56,"b'Main gamee , cari uangg :p'"
569399140985102336,2015-02-22 07:31:48,"b'@dodisanjaya  hyong kaos na mang ,,,'"
569397567315845121,2015-02-22 07:25:33,"b'Dapatkan ribuan follower gratis tiap  hanya di =&gt; http://t.co/ELV5BYPqsY 60 follower tiap 5 menit limit, gunakan secara rutin follback'"
569397545065033728,2015-02-22 07:25:28,"b'free download wallpapers free ! check this out -&gt; http://t.co/7oCOPM6xmm , download now free .. share if you like this site .'"
569363458912706561,2015-02-22 05:10:01,b'RT @suaralit: Mari kawan yg mau dukung gemakan tagar #Koin1000untukAustralia &amp; silahkan gerakan pengumpulan koin1000 ini @PintarPolitik @Tu\xe2\x80\xa6'
569336506894012416,2015-02-22 03:22:55,"b'@TubasMediaCom Satu keping koin ini saya persembahkan untuk Aceh yang sedang mengumpulkan #KoinUntukAustralia "" Garuda'"
569335846899306497,2015-02-22 03:20:18,"b'Satu keping koin ini saya persembahkan untuk Aceh yang sedang mengumpulkan #KoinUntukAustralia "" Garuda'"
569334515685941248,2015-02-22 03:15:00,"b'Mau ga dapet 60 follower gratis? klik aja link ini =&gt; http://t.co/yFj6TIKkDa lmit 5 menit agar akun tidak ke suspend , cobain deh follback'"
569334465186500608,2015-02-22 03:14:48,"b'free download wallpapers free ! check this out -&gt; http://t.co/3p9DX2tfiH , download now free .. share if you like this site .'"
569332760260710400,2015-02-22 03:08:02,b'i smoke some cigarette'
569027673676058624,2015-02-21 06:55:44,b'PANASSSSS :(('
569027309962809345,2015-02-21 06:54:17,b'bekerja keras tuk cari jati diri :3'
568747638100660224,2015-02-20 12:22:58,b'RT @persib: PERSIB Cukur Football Plus 7-0 http://t.co/s7SnWaYlsc'
568719909904973824,2015-02-20 10:32:47,b'lagi di cimahii nihh ---&gt;Posisi Lagi Dimana'
568716424685838336,2015-02-20 10:18:56,b'waw ada pak @ridwankamil di acara :D #PremanPensiunRCTI  @dodisanjaya  :D'
568693825624883201,2015-02-20 08:49:08,"b'@FadhlanGehu HU, poe senen neupi ka rebo LIBURRR'"
568693524926894080,2015-02-20 08:47:56,b'Lestarii ({}) :D'
568214800141955072,2015-02-19 01:05:39,b'happy chinese new year'
568212144304435200,2015-02-19 00:55:06,b'Pagii :( diem di rumah . main game :/'
567902132575162369,2015-02-18 04:23:14,b'RT @elange898: Sedih2 http://t.co/l2b2h3lrAp'
567901082950574080,2015-02-18 04:19:03,b'@TanteMami hy tant :D'
567889761337085952,2015-02-18 03:34:04,b'Lieurrrr :(('
567889448173596673,2015-02-18 03:32:49,"b'RT @dodisanjaya: Ditakutin anak buah tanpa alkohol ada bos Jamal ""es teh lemon"" di #PremanPensiunRCTI @MEGASINEMARCTI @OfficialRCTI Jam 17:\xe2\x80\xa6'"
567656165576695808,2015-02-17 12:05:51,b'absolutely loving this site.. http://t.co/FOIYDBMi6j'
567641315064553472,2015-02-17 11:06:50,"b'@MALAYSIA_JAYA babak 1 aja udah kalah 1 - 0 wkwk , dasar malay lopek'"
567638926320349184,2015-02-17 10:57:20,b'Blaaa :('
567308080883302401,2015-02-16 13:02:41,"b'@netmediatama @Ini_Talkshow @indrabruggman tema nya horor , kalo gitu pass banget ngundang mbak AdeJuwita, muka nya horor :D hehe'"
567307082852872192,2015-02-16 12:58:43,"b'RT @netmediatama: Meriah nih malam ini di @Ini_Talkshow ada @indrabruggman, Ade Juwita, Ony Syahrial. Yuk tonton #IniTalkshowNEThoror90 htt\xe2\x80\xa6'"
567274513893568513,2015-02-16 10:49:18,b'nonton film #PremanPensiunRCTI di temani kopi dan cemilann :D @dodisanjaya'
567274370662281216,2015-02-16 10:48:44,b'nonton film #PremanPensiunRCTI di temani kopi dan cemilann :D'
567272018647584768,2015-02-16 10:39:23,"b'@billfoldx ke cimahi kapan kak , dah kangenn (y)'"
567271553264410627,2015-02-16 10:37:32,"b'RT @billfoldx: Karawang digoyang.. Maaf untuk keterbatasan waktu dari panitia penyelenggara, See u again soon \xf0\x9f\x98\x98 xoxo! http://t.co/IucW9jOpOR'"
567208511545683968,2015-02-16 06:27:02,b'Twitter App Tips Trik dan Review http://t.co/lMZbQYpBiZ'
567207986846646273,2015-02-16 06:24:56,b'LIEUURR :('
566960543341105152,2015-02-15 14:01:41,"b'RT @rocket_rockers: beli CD album #MerekamJejak @ outlet"" @icepasco /order online 082243529654 40rb(sticker,pick) http://t.co/KMUB1Qbo5w'"
566960450311426053,2015-02-15 14:01:19,"b'@rocket_rockers @icepasco wah mantapp ka , beli ahh :D'"
566958807897493505,2015-02-15 13:54:48,"b'@AcaraReggae_ @stevenjam  kembali,welcome to my paradise,tersenyum kembali,bertahan,,good bye anjing :D'"
566903821826158593,2015-02-15 10:16:18,b'Gak di follow back juga gpp kok :/'
566894752562294784,2015-02-15 09:40:16,b'@socialtiga_15 besokk LIBURRRR'
566893186056855552,2015-02-15 09:34:02,b'Trik unik buat nambah follower twitter 100% work http://t.co/SM5YNTlv88'
566775784782577665,2015-02-15 01:47:31,b'RT @billfoldx: Jos RT @ArieArmandoo: Aksi panggung yang keren dari @billfoldx @ganialianda ;) http://t.co/91RwbO4bZG'
566775582621302785,2015-02-15 01:46:43,b'RT @ganialianda: Jual baju-baju band hardcoreku dulu. Mau jadi anak indie pop aja \xf0\x9f\x92\xa9\xf0\x9f\x90\xb7\n(Our secondhand stuff\xe2\x80\xa6 (w/ Mufti ) [pic] \xe2\x80\x94 https://t.c\xe2\x80\xa6'
566775496998785026,2015-02-15 01:46:23,b'RT @tasyakamila: Kemaren malem abis nonton Konser Dari Hati-nya @afgansyah_reza. KEREN BANGEEEET \xf0\x9f\x91\x8f\xf0\x9f\x91\x8f\xf0\x9f\x91\x8f http://t.co/39knsBrMBS'
566775458172121089,2015-02-15 01:46:14,b'#np Rosemary Ft Gania - Supergirl'
566774853760335875,2015-02-15 01:43:49,b'Dengerin musik2 nya @billfoldx  KEREENN BINGITTSS'
566772438738812928,2015-02-15 01:34:14,"b'Twitter baruu , yang lama ke suspended :('"
566771109245112322,2015-02-15 01:28:57,"b'@ganialianda kak , kapan mau manggung di cimahi lagii :D'"
